Timestamp,Total_Runtime,Model_Runtime,Extra_Runtime,VPS,TPS,TPQ,Peak_Memory_Allocated,Peak_Memory_Reserved,Generations
2025-01-06 10:56:22,49.79666256904602,44.73986744880676,0.006312370300292969,0.1117571482687384,13.410857792248608,120.0,55.790276096,70.437044224,"The video features a person seated at a desk in a room with a geometric patterned background illuminated by blue and red lighting. Throughout the video, the individual uses hand gestures to emphasize various points while speaking. The content of the speech revolves around the importance of crafting an engaging email subject line to achieve high open rates in mass email campaigns. Key points include:

1. **Subject Line Importance**: The subject line is highlighted as crucial for email open rates.
2. **Industry Relevance**: The strategies discussed are applicable across different industries.
3. **Use Cases**: The video covers multiple use cases for writing

The video appears to be a compilation of clips showcasing gameplay and coaching related to the game ""Rocket League."" Here's a detailed breakdown of the content:

1. **Introduction and Branding**:
   - The video starts with a logo and branding for ""SpookLuke,"" indicating the content creator or channel associated with the video.

2. **Gameplay Highlights**:
   - Several clips feature in-game footage of ""Rocket League,"" showcasing high-speed gameplay, car acrobatics, and ball manipulation.
   - There are dynamic scenes of cars performing tricks, carrying the ball, and engaging in competitive

这组图片展示了一对男女在卧室里互动的场景。以下是详细的描述和分析：

1. **场景设置**：
   - 一对男女坐在床上，背景是卧室。
   - 女性穿着粉色外套和黑色上衣，男性穿着黑色和灰色相间的T恤。

2. **互动内容**：
   - 他们主要围绕一台笔记本电脑进行互动，男性在不同时间点操作或展示笔记本电脑的内容。
   - 女性表现出不同的反应，包括微笑、思考、惊讶和讨论等。

3. **视频内容**

The video captures a high-intensity wrestling match between two competitors in a gymnasium setting. Throughout the sequence, the wrestlers engage in various grappling techniques, with one wrestler predominantly in a defensive position while the other attempts to gain control. The referee closely monitors the action, ensuring fair play and making calls as needed. The background shows a group of spectators, likely teammates and coaches, attentively watching the match. The gymnasium is equipped with sports banners and a scoreboard, indicating an organized sporting event. The lighting is bright, illuminating the red mat and the wrestlers' uniforms, which contrast sharply

The video appears to be a compilation of clips from a news broadcast by ""Network 24hr TV."" Here is a detailed description of the content:

1. **Network Branding**:
   - The video starts with the ""Network 24hr TV"" logo, indicating the channel broadcasting the content.

2. **Event Coverage**:
   - Several clips show individuals in traditional attire, suggesting coverage of a cultural or political event.
   - One clip features a person speaking, likely providing commentary or an interview related to the event.

3. **Entertainment Segment**:
   - A

"2025-01-06 11:15:22,66.2214343547821,60.888192892074585,0.006938457489013672,0.0821177269764368,9.804856600986552,119.4,45.542973952,60.127444992,"The video features a person seated at a desk in a room with a distinctive geometric patterned background illuminated by blue and orange lighting. Throughout the video, the individual uses expressive hand gestures and body language to emphasize their points. They are dressed in a black long-sleeve shirt and a watch is visible on their left wrist. The person appears to be delivering a presentation or lecture, focusing on the importance of crafting effective email subject lines for various marketing and outreach strategies, including cold emails, SEO outreach, influencer marketing, affiliate marketing, and sales prospecting and lead generation.

Key points highlighted in the

这个视频展示了一个玩家在《火箭联盟》（Rocket League）游戏中的训练和比赛过程。以下是对视频内容的详细描述和分析：

1. **热身阶段**：
   - 视频开始时，玩家在训练模式中进行热身，展示了各种技巧和动作，如“SETUP”、“ADJUSTMENT”和“CARRY”，这些是游戏中的基本操作步骤。

2. **技能提升**：
   - 随着视频的进行，玩家展示了逐步提升技能的过程。通过反复练习，玩家掌握了更复杂的技巧，如

这组图片展示了一对年轻男女在卧室里互动的场景。他们坐在一张床上，周围散落着一些物品，包括一个笔记本电脑和一些个人物品。整个视频中，这对情侣似乎在进行一场对话或讨论，他们的表情和肢体语言显示出一种轻松和友好的氛围。他们时而看着对方，时而看着笔记本电脑的屏幕，表明他们可能在分享一些有趣的内容或讨论某个话题。房间的灯光柔和，营造出一种温馨的氛围。总体而言，这些图片捕捉到了这对情侣之间的亲密和互动时刻。

The video captures a high-intensity wrestling match between two competitors in a gymnasium setting. The sequence of images showcases the progression of the match, highlighting various stages of the competition:

1. **Initial Stance**: Both wrestlers are in a ready position, facing each other.
2. **Engagement**: The wrestlers begin to engage, with one attempting to gain control.
3. **Takedown**: One wrestler successfully takes down the other to the mat.
4. **Ground Control**: The wrestler in the green singlet gains control and attempts to pin the opponent.
5. **Referee In

The video appears to be a compilation of clips from a news broadcast by Network 24hr TV. Here is a detailed summary of the content:

1. **Network 24hr TV Branding**:
   - The video starts with the Network 24hr TV logo, indicating the channel broadcasting the content.

2. **Event Coverage**:
   - Several clips show individuals dressed in traditional attire, suggesting coverage of a cultural or political event.
   - One clip specifically mentions ""GBOYEGA NUSIRU ISIAKA, ASPIRANT OF OGUN STATE WEST

"

